name,type,loan_amount
Xeguvfznfywg Vmjvnfmeccha
Nedtk Zgledrf
Jyaknr Foxjliziuo
Vux Fhzozoos
Hxu Rvwzl
Usifrig Xoqhkalnzxpyxq
Ihpummcjmms Gxv
Dvfpkoky Hoencdoothmemr
Ikrdfsv Lvw
Arsdgz Cepmttjewtddt
Jztduap Mhc
Cov Rjb
Ahutshr Jwyebwfbvlb
Vmei Afxpgzaxnyxwop
Qkdux Uwhhywpnymi
Gxyaah Izyrwxslrkpbpi
Oiggvzqsjfan In
Hkfqe Flxv
Mcqo Pjeubscywpbatuv
Nwnczmo Ximiidcwqy
Jnqvwb Qpomaxczet
Atoiox Xqex
Lhfp Ffdunkgzkwm
Sboidznwtux Bdldnyh
Qwibwblpcy Ngvqdqkhouw
Mqiypqlqds Pwtum
Hkgvkcs Iewqevdtu
Avqjhjqzou Iumgvyicfuozxnk
Oqfdznciqc Thpxqsqt
Fdygdvtnmud Shfanecwuzrxo
Fvxgttcmgvs Eizi
Ophf Tgxxxgtq
Xlmjzsuuvrhy Khgbrmo
Dqce Pesmvmoustgf
Whqblqhla Gvuefunmxvv
Qliopuyq Yqoshmspksmjfup
Qmure Kaoxjntdl
Yoeosx Nhnfhbshjw
Dtdzdrlms Cclehsin
Vtnwxxmck Ytjgtqqvq
Jtkxjchb Mwilxzwpzwyavmf
Xsigghpbf Gxsxwqf
Hram Yzyisf
Faugtxeasyb Cvigojsupy
Mxmrohtlsvmp Dxws
Slrwasxxych Ykyvxre
Mhgs Oaczfrt
Fsfanjysyh Bdkjtlfbvvn
Obmd Iba
Uimzkistyfdu Mcibishc
Vlytg Kuuj
Zpjgebvhevy Wbsatct
Ulqf Yxxcrhez
Pbjh Mcvsliyi
Mfiepeu Lurkymokct
Kstcebe Ernkf
Hnrjavwq Vm
Gowbkgmrwb Cdgyv
Rucbtw Vbjaqoaqsxrjdbc
Vvhlg Wp
Tcjwp Yqhitegktrez
Qktuv Aaflmvjnrzphpk
Zsfbcpattqke Fwaz
Wgrpbvxlzc Elrfdqp
Fjfjkcmwda Vqf
Ajcsgnw Xtecluoas
Enritul Ddgm
Zovyg Jtsyopdhwv
Jjtv Euxyhhn
Osnvh Yozbefkli
Hrmysn Kefikalyemkt
Haxwluhrqgi Mffgczlmqncju
Tahn Muwknvm
Bejf Ksshkubbj
Nqckhotimffe Difk
Gmpkl Wgiitwravbm
Jgvtffhvq Snmxigydljaw
Pfvyngfb Qagqjhymruyzki
Czmqlf Rarf
Zye Wuzdinhiexxg
Fcwnpyosaonh Xxustkvrel
Tjvjwh Qafj
Zsfdpeipaemn Lzekcmw
Jsffrtloedy Wuxpik
Hwqeirjulsad Xgpelxsijaymimi
Nhv Bncinswnrcpxlsz
Imiydzpan Kzqqfxdphfbhb
Aarl Nnosopolaiwypv
Hukez Jaglkoks
Dxievniooq Kyzfmnmpdnet
Rlbtrp Qekrfi
Mjnaku Lrutflnefdgyln
Obhczdiogw Hucqqp
Qusmg Bfblj
Kgzmf Ztdcquqnvij
Gahuxnwwrqa Irfh
Zdqiln Nxeuwufhsxr
Qzzyatsgw Ywqozkkc
Whox Bmdchj
Hiwanwqpkor Ngzpacsfg
Ehgaxfrd Krxkdbpldeattk
Oqixvg Ktavu
Gthwdojbqs Fk
Fgwznqiy Muyuqqkcobmdxh
Yrbr Yiswen
Ido Rlytomeohifp
Lkmswauthy Fyrztfft
Zkztsjgznhr Ptmusvoxyesmoaa
Qypairqpbvac Zgeqfvg
Yfcsxrbquhx Aubdkcfe
Luzjh Ygpe
Izrvytlzjgd Buo
Ydznmqphlg Riohcgjnjhghl
Xknzwhqixl Blzqm
Rtmya Tek
Ptj Fivfsyexggi
Pvhevdoslqv Rtlvqs
Dni Gbjaso
Knbnejx Yzovw
Ohnldhwdamd Gq
Wryt Lzjwivodciv
Jsr Ktbobk
Azfkkc Zctmoit
Atmugulc Aoj
Lkrtglehawfx Jfgldziadz
Uisbgfmk Espmhrm
Amvpinpwqfu Drfr
Ophrktfdny Fdxcdqo
Htng Xc
Skwgvbkp Qicvtolxihdil
Sdscobhpckyw Slpgnvefutfgilr
Qzuvx Byelnbserdtxk
Xsv Dtfpopywt
Nymunbvv Awj
Krdtskx Tebkbqbvzp
Ehfplxk Wydgzijbgh
Nitv Azrobdjqkmwm
Umjauj Irlyibfjpneu
Cpyify Ph
Pjcmluhxob Iliivklujcgbapr
Ooswnzfi Cxonfervck
Jouprcgk Fwgjsj
Ylda Izgykprdzroak
Anccl Rvlsbkhoxfoof
Bvcsprpdr Onnk
Dzhriw Vz
Awdkjasiszta Gk
Losexwjk Oiklsyj
Vmdeyfxdwbz Osncmenspj
Mljllfso Zorwwbcdriuecc
Tjjzoacd Wphcbtsgn
Apagyfb Wxfqmhjnxqmuuyw
Pxwigvne Ktruolhyewrcuh
Iqvgt Sskyfrcli
Vauvczqtz Mpjtileyauz
Ludfuacvbgto Iuukkhbdbfeakj
Rjbgi Caiv
Tbm Tssiqqyiikx
Mvtzrgvqe Cpqypglhfp
Jjnqfizw Ueuvrhphvrys
Urcnrj Memij
Itg Yxs
Dkqoesps Rowmhmgzliqha
Afxmgbyzadv Dashdmpuroto
Htfoxjrbyjn Rnbgybaab
Qcznkzflasf Ydacl
Mzrc Dmdofmbsq
Zbe Wujlch
Mfqooetwaadt Rtujluiwzpmeze
Tnxfjqh Ceptmmymjsz
Nitrdpwnha Mmtafkhuyaeblrv
Uuldootfibf Wqvpnx
Iwxmyivw Ulnbnidhbqjwhmq
Xlf Tauuodcijqmo
Kvtba Ljtrhbxzl
Hqwrrincx Yswkxuchkbsua
Yqdhqckvxh Lqxnbmr
Znirriqr Kqnjmygvf
Fwp Xl
Obaiidr Geqzxv
Kei Bzeywgezvj
Nqofebymria Jpsplzrcgmanrm
Wvk Ksydajgyevac
Tiqax Yyo
Wklsifk Ehktvqree
Pprdni Frmmos
Sphyrfcbm Xewvktyze
Jdsdq Kuerys
Vurxeklejhrf Ccaxyoy
Ggojxcun Ljkvvhfgprz
Srh Zwzevboxccci
Wnodgq Sku
Glkeoo Bp
Vddbekkhs Bmukqlnikqlf
Yjrejiikmtuv Rhyxvkdlyaeu
Ljtmydhhe Zfececvr
Qoeoucnggxhr Klhdixh
Pupolchowp Ihccvgkj
Tigelzjrxw Powkhqjc
Dfr Jep
Vbpjr Mhkpbdjpzukjukw
Txrocfunuqu Ldbkhall
Irst Cwxdwvedfxpg
Fearvvvbmpn Otg
Qqhjfqwyja Rjv
Esryp Bjpej
Pon Fgkfatdw
Nhgvnvgtuj Pelns
Lyf Zbvjsijjtv
Dum Lmznfwnci
Fhbmqkwldvd Svinuojhckwdsr
Dfen Hiuusohuipvfk
Ktgdcsdmswu Bxbzrnry
Xamokwpyb Sdmkebmln
Lgyenydrvfwx Hxda
Vodipymdm Bwgzpjtm
Piwymkljkji Rtyedoyvhlgfdu
Qfrtd Lfcesj
Okld Cjkbp
Mkxjbx Bmy
Uaqqyz Lwbfdfbrczaob
Lqcyex Rumhsxudxd
Fybu Aobbyhhx
Glqkd Qqy
Eawbsselundo Cnkxghxd
Tdzrjwsnwv Rrf
Jeowdevkakt Ziljljtbxmoj
Awafnlw Baue
Fepfmh Fbdspcsinivkjz
Nyhwpaodfy Flmv
Alnpfan Ftdmlrc
Txg Zfkkqkrkmjz
Kijceiqm Lbktwxnumn
Gndyfgoql Ml
Lvyctkjahh Rsxxsjqr
Qnirinivklan Rxexatlvm
Bmzpmegzhtyj Txpzetcozsy
Cak Hieo
Yvzsuxnglgpo Jarupis
Byxugyluy Jhfcaeycvdiylkk
Esvzkqicmh Egedzt
Etjck Iydzdgbk
Xdymsggcdbl Bmlhe
Ffr Pmngdjvakki
Ctcgemeecshg Kxosgujooic
Vquuasiokvi Ppymcjmmrnip
Cwnghpahdugh Ckocdo
Ffxcozs Bubaosemms
Qehxqwhuzr Phhmoqy
Skzkyinvzcw Qpqdamked
Hjfopxtljy Uqutgsqk
Hkfhvqdbya Azvclzthcwjy
Qrmwnuv Nsbgxerdyi
Ilhjnkznhapz Vimwdjuvislrwq
Ooqfttxx Grs
Wqeiikqojkos Gihhwgkezmeolc
Shi Hhnwaqym
Pmmiay Suiteqbtllg
Pqh Ausgurfdp
Yikc Iqpshelnwilwq
Gpm Kriwv
Gmhzkpwtr Vwapqq
Bln Scmfktqx
Hviihhwyfy Jdgbs
Uikywggr Jwqoajxcbzwg
Pqkntk Weqfzpddgf
Uhjz Ge
Guoeuhdxt Cwdsvwdkuln
Bblegryximly Vqosii
Dakzoamzvrt Tt
Wgdhccgestde Arwwhqulmi
Kffba Bfzgudbxbxl
Cje Eaboruqe
Dvgarrwosehw Cqferafyoxzz
Smqnlxshdpay Keaglyeyazip
Dcjfc Nrdikvyllwmvjyb
Bnuinvdilaa Vrldgoor
Ixbbcovkmxe Juofmivffxlnkvx
Oec Ztpdvqytseuroeo
Wnvdruxahtm Orhjcwpicnxkw
Nebhuyqrbuj Igjmxrmwlcmiz
Zedgmlvxu Mgvwgetk
Efe Kde
Tlfs Swgtotorovezjrs
Xaeagbcq Ueexkoijghrj
Txwpv Tc
Sijuauvvajaq Jxevg
Goxhc Pppfyffnkumvu
Orycdmj Jojiwtcdvy
Fajauylhbruw Evsmaveyzahznh
Cklyxwhs Pplwengeufevd
Npls Ru
Qygpxk Qahzlneri
Dha Nboebesbwhyi
Wqbtypznk Xqzhjcjmhgh
Pohrs Tttocdn
Bkdizrzgc Axenpchloty
Bcdzpfcl Gqcbklrooywmj
Sojsbkarn Zxdk
HOME_PURCHASE
REFINANCING
HELOC
HEL
CONSTRUCTION_LOAN
1340955
1977180
1024080
538514
79383
764941
1294108
2331598
324602
1977169
2233220
2460391
2254319
226235
573249
531752
1484686
1396177
2098301
1869567
907078
1358218
2050113
1566619
967479
1816100
1084920
2040470
2098655
1763688
501299
1493802
1141793
248019
1252431
1125171
745596
1701531
1836538
1414892
1374904
1431100
1220769
1263198
203662
429420
2181486
679396
2357236
1180608
2367870
1904183
888128
345622
2291266
909216
131971
2252754
765131
194629
2136851
1345484
1347500
1611675
1428501
1511458
1297891
2290065
477445
1000772
988324
1471812
897184
1420708
823699
2417643
1596645
1089877
901540
1001269
207132
1027104
1769041
756066
480028
310393
1215064
702059
442205
2439267
612746
1838208
513855
813523
2158930
1664893
266579
1315798
390762
452104
1229896
922091
744425
1557464
1750589
2360983
1479769
2313719
2470681
1600769
950951
2099194
209384
330552
467769
675145
1511973
2038996
1897427
904633
1330142
598367
734341
1475471
340965
780523
1828932
1835679
2003468
105609
1922518
1536339
917507
1587871
2357988
867822
1777515
2216653
201056
728691
932819
1484044
280198
493280
1247204
450055
2162690
505655
2457619
2202582
320494
1198907
2414495
1825701
1785927
1205131
2037201
994218
889471
386416
2168123
2175992
294414
722534
939029
2444423
255576
2350223
2339540
280826
642440
664826
509181
799310
2046772
70907
424554
2455040
2275942
404065
1788022
2165089
1768055
1360507
1199264
1499978
122264
461389
1401254
92452
469880
472393
1060872
2276751
706891
358258
2411134
644754
143468
1946659
1823760
1340328
554366
1048555
152646
324894
325252
1357937
2021253
375091
1115339
73458
1853288
641084
2417541
2472153
1987681
325222
2165700
1333497
1285722
2327836
1033218
1370390
1162738
685126
1200089
2289743
99318
733354
1246041
431678
1706929
667797
1673257
1142140
1415050
1296780
322189
1175915
1661017
522065
1838687
885885
122433
1738073
2339904
2266537
112280
2223872
920931
1803657
1443232
842899
1755632
2494419
1786073
801200
1596601
537057
1004491
614956
1864784
600450
68953
2370077
226078
2400043
795264
1730041
2104668
1089928
1882323
1793407
2336347
349787
1645551
693386
1725101
1468029
2409929
875514
648064
199044
2495668
2006980
661225
2152195
2438781
1516314
452989
1006231
2149403
1297035
2390025
1511707
972077
661309
1329530
1452660
2156366
2368716
737622
486824
1654235
1754800
166733
2432177
2465448
672344
1793889
2014186
1704305
763304
2043255
1744377
431332
2104512
2059944
1924966
1041172
1185900
223314
2381009
1067651
77432
737606
1511350
593119
131129
1969600
1121467
1625002
1847821
2176816
1713408
1996229
1272928
1873044
2220665
1121316
2273770
621584
138933
2121147
1289189
385926
338879
618525
1436035
1666223
1361538
1634157
2042287
2164315
2479175
71973
1966433
2253126
427267
2375691
1737335
314888
1047467
839712
1760833
757545
2403315
1118923
1309178
806515
1911073
587623
1934328
1799668
1536591
1392760
1650058
2117994
2258735
2181402
498822
1798893
1155762
164341
2358108
2413573
2098345
910351
1166041
1535165
1815443
2331653
1624426
482159
532074
1266175
1375966
1881761
713082
984855
1075898
413524
1558777
1028916
419525
142946
105021
1007923
488615
327668
165298
2257207
294552
1092765
52248
1480948
1165753
347568
361624
1890306
697330
267971
1794201
1686818
828398
562836
1711704
569376
282782
1202060
1496287
1832647
2036488
527139
996493
1383847
1599108
1146956
2198838
673212
407441
1161538
1252562
710520
976523
1969117
1063814
1943990
1608961
1405399
2229219
2258908
527987
895448
737993
1470882
1861416
218482
316207
774845
1509676
1510223
1779503
1179631
81589
776074
243036
1389160
1443835
1009752
590246
980129
1823676
1167312
164390
1218358
662800
2247827
1931518
1828405
1029809
2409141
1132151
1134944
396500
2329011
1468207
2436763
714713
878270
747988
237842
425613
1691036
1746240
744459
2047215
1644858
72898
365707
1021908
800212
1683895
2205015
525110
1309008
1141295
917590
2449001
1102028
2480122
1122596
235734
174736
1813972
323533
1949449
358949
1870075
150928
2362469
2064892
2331387
930185
573222
1951932
2077624
176396
699153
1832581
70915
1347091
2242104
1753518
1844277
1521057
381303
843797
1138805
1583966
1105594
747393
767216
1535945
1483195
2336188
1249618
1938969
1358843
1609289
788623
471868
527285
1934395
449014
79919
1297574
1057913
711652
1280384
1072543
2376249
298660
1149364
1959349
2022303
1629918
1178453
528059
2288008
2080868
1327001
1159617
307506
2257034
1842391
1908747
697845
1083607
1189874
2476239
765709
442721
951411
1175336
1741215
712931
2461382
1826536
1702615
2127778
2277200
2286284
119318
1790722
2265112
324440
1309604
492367
102885
2275308
557692
810437
1581458
377730
2085377
2385857
1606732
635868
1213630
911746
385823
189471
2394028
915102
2497970
358525
945798
703198
1135915
669965
1285787
547020
930837
1361910
627007
139083
674089
266939
1631601
1925805
423805
66342
660213
1846951
2259192
1718023
631920
834366
736766
1155486
1985726
834275
2424676
2010537
1984577
1352288
2313725
161134
94527
239047
2354538
1849028
2373608
795589
1071456
464702
423400
85511
990874
2084105
394224
1174607
1074031
383942
2485475
1442116
1555784
1228238
413516
689659
2067021
1778697
680571
1741626
1942301
310393
1805768
2283172
2322326
480273
2363321
1446613
1619856
1860482
1297890
329867
119733
234842
2162868
2145173
1564585
1441960
1476264
1519380
590189
267742
756246
640813
495467
880739
481081
1593742
1504170
1710227
835290
1588945
1140920
472486
359312
588678
2164667
1451744
2269013
461281
1066723
2322507
1804315
2295202
1687100
112000
359335
1833627
1957570
940058
528197
2095146
1105358
1387363
1864550
1466946
2178403
1323294
646520
1620517
1132911
1834284
849074
2393028
414817
1752782
184928
1496233
657722
429769
2222721
2328895
80542
798404
