id,name,loan_ids
"1","Xeguvfznfywg Vmjvnfmeccha","258,540"
"2","Nedtk Zgledrf","52,667,284,257"
"3","Jyaknr Foxjliziuo","613"
"4","Vux Fhzozoos","644,109"
"5","Hxu Rvwzl","597,65,350"
"6","Usifrig Xoqhkalnzxpyxq","286,609"
"7","Ihpummcjmms Gxv","129,488,467,477"
"8","Dvfpkoky Hoencdoothmemr","241"
"9","Ikrdfsv Lvw","344,120,115"
"10","Arsdgz Cepmttjewtddt","82,507"
"11","Jztduap Mhc","49"
"12","Cov Rjb","247,144,548"
"13","Ahutshr Jwyebwfbvlb","212,749,589"
"14","Vmei Afxpgzaxnyxwop","254,547,23,590"
"15","Qkdux Uwhhywpnymi","622,686,267"
"16","Gxyaah Izyrwxslrkpbpi","341,694,24"
"17","Oiggvzqsjfan In","260,392,661"
"18","Hkfqe Flxv","615,125,213,725"
"19","Mcqo Pjeubscywpbatuv","312,414,484"
"20","Nwnczmo Ximiidcwqy","641"
"21","Jnqvwb Qpomaxczet","486,729"
"22","Atoiox Xqex","324,740,721,685"
"23","Lhfp Ffdunkgzkwm","3,298,246,713"
"24","Sboidznwtux Bdldnyh","398"
"25","Qwibwblpcy Ngvqdqkhouw","619,17,549"
"26","Mqiypqlqds Pwtum","199,584,159"
"27","Hkgvkcs Iewqevdtu","14"
"28","Avqjhjqzou Iumgvyicfuozxnk","368"
"29","Oqfdznciqc Thpxqsqt","606"
"30","Fdygdvtnmud Shfanecwuzrxo","228,656"
"31","Fvxgttcmgvs Eizi","557,719,121"
"32","Ophf Tgxxxgtq","683,97,327"
"33","Xlmjzsuuvrhy Khgbrmo","578,74,347,737"
"34","Dqce Pesmvmoustgf","367,256,335,127"
"35","Whqblqhla Gvuefunmxvv","322"
"36","Qliopuyq Yqoshmspksmjfup","572"
"37","Qmure Kaoxjntdl","676,427,437"
"38","Yoeosx Nhnfhbshjw","205,18,657,235"
"39","Dtdzdrlms Cclehsin","148"
"40","Vtnwxxmck Ytjgtqqvq","333"
"41","Jtkxjchb Mwilxzwpzwyavmf","25,435,227,19"
"42","Xsigghpbf Gxsxwqf","571,412,395"
"43","Hram Yzyisf","259"
"44","Faugtxeasyb Cvigojsupy","359,20,431,531"
"45","Mxmrohtlsvmp Dxws","100"
"46","Slrwasxxych Ykyvxre","119"
"47","Mhgs Oaczfrt","592,50"
"48","Fsfanjysyh Bdkjtlfbvvn","328,194"
"49","Obmd Iba","525,410,232,238"
"50","Uimzkistyfdu Mcibishc","704,236,649,33"
"51","Vlytg Kuuj","388,611,602,174"
"52","Zpjgebvhevy Wbsatct","272"
"53","Ulqf Yxxcrhez","45,461,464,710"
"54","Pbjh Mcvsliyi","625,182"
"55","Mfiepeu Lurkymokct","717,709,596,588"
"56","Kstcebe Ernkf","139"
"57","Hnrjavwq Vm","307,653,321,171"
"58","Gowbkgmrwb Cdgyv","663,22,94"
"59","Rucbtw Vbjaqoaqsxrjdbc","736,42,543"
"60","Vvhlg Wp","702,527,320"
"61","Tcjwp Yqhitegktrez","63,192"
"62","Qktuv Aaflmvjnrzphpk","419"
"63","Zsfbcpattqke Fwaz","438"
"64","Wgrpbvxlzc Elrfdqp","692"
"65","Fjfjkcmwda Vqf","420,594,217,406"
"66","Ajcsgnw Xtecluoas","411"
"67","Enritul Ddgm","620"
"68","Zovyg Jtsyopdhwv","595,107"
"69","Jjtv Euxyhhn","111,416,308"
"70","Osnvh Yozbefkli","40"
"71","Hrmysn Kefikalyemkt","733,741,541"
"72","Haxwluhrqgi Mffgczlmqncju","340,664"
"73","Tahn Muwknvm","35,202,404"
"74","Bejf Ksshkubbj","99,10,158,220"
"75","Nqckhotimffe Difk","264,338"
"76","Gmpkl Wgiitwravbm","196,183"
"77","Jgvtffhvq Snmxigydljaw","469,409,76"
"78","Pfvyngfb Qagqjhymruyzki","135,146,677"
"79","Czmqlf Rarf","124,554"
"80","Zye Wuzdinhiexxg","243,502,239"
"81","Fcwnpyosaonh Xxustkvrel","556"
"82","Tjvjwh Qafj","377,539"
"83","Zsfdpeipaemn Lzekcmw","706,401,509,193"
"84","Jsffrtloedy Wuxpik","292"
"85","Hwqeirjulsad Xgpelxsijaymimi","487"
"86","Nhv Bncinswnrcpxlsz","195,313,67,403"
"87","Imiydzpan Kzqqfxdphfbhb","214,698,353"
"88","Aarl Nnosopolaiwypv","92"
"89","Hukez Jaglkoks","738,89"
"90","Dxievniooq Kyzfmnmpdnet","434,143"
"91","Rlbtrp Qekrfi","485,309"
"92","Mjnaku Lrutflnefdgyln","198,579,357"
"93","Obhczdiogw Hucqqp","167"
"94","Qusmg Bfblj","520,145,300"
"95","Kgzmf Ztdcquqnvij","263,242,387"
"96","Gahuxnwwrqa Irfh","104,473"
"97","Zdqiln Nxeuwufhsxr","605,456,187,728"
"98","Qzzyatsgw Ywqozkkc","517,215,503,470"
"99","Whox Bmdchj","244,364"
"100","Hiwanwqpkor Ngzpacsfg","639"
"101","Ehgaxfrd Krxkdbpldeattk","278"
"102","Oqixvg Ktavu","51,496,274"
"103","Gthwdojbqs Fk","665,206,265"
"104","Fgwznqiy Muyuqqkcobmdxh","21"
"105","Yrbr Yiswen","329"
"106","Ido Rlytomeohifp","189,180,562"
"107","Lkmswauthy Fyrztfft","617"
"108","Zkztsjgznhr Ptmusvoxyesmoaa","253,618,269,83"
"109","Qypairqpbvac Zgeqfvg","443,423,290"
"110","Yfcsxrbquhx Aubdkcfe","314,8,117,561"
"111","Luzjh Ygpe","102,362,671,113"
"112","Izrvytlzjgd Buo","44,555,345"
"113","Ydznmqphlg Riohcgjnjhghl","679,681"
"114","Xknzwhqixl Blzqm","684"
"115","Rtmya Tek","582,268,511"
"116","Ptj Fivfsyexggi","218,583"
"117","Pvhevdoslqv Rtlvqs","518"
"118","Dni Gbjaso","385"
"119","Knbnejx Yzovw","222"
"120","Ohnldhwdamd Gq","567,533"
"121","Wryt Lzjwivodciv","564,141,724,408"
"122","Jsr Ktbobk","563,240,635"
"123","Azfkkc Zctmoit","190,9,234"
"124","Atmugulc Aoj","494"
"125","Lkrtglehawfx Jfgldziadz","553,731,673"
"126","Uisbgfmk Espmhrm","498,378"
"127","Amvpinpwqfu Drfr","568,54,655,226"
"128","Ophrktfdny Fdxcdqo","558"
"129","Htng Xc","132"
"130","Skwgvbkp Qicvtolxihdil","169"
"131","Sdscobhpckyw Slpgnvefutfgilr","200,366,743"
"132","Qzuvx Byelnbserdtxk","627,279"
"133","Xsv Dtfpopywt","85,742,716,103"
"134","Nymunbvv Awj","442,152,688,80"
"135","Krdtskx Tebkbqbvzp","537,651,349"
"136","Ehfplxk Wydgzijbgh","693,6,26,491"
"137","Nitv Azrobdjqkmwm","384"
"138","Umjauj Irlyibfjpneu","375,157"
"139","Cpyify Ph","727,346,165"
"140","Pjcmluhxob Iliivklujcgbapr","682"
"141","Ooswnzfi Cxonfervck","209,178,210,114"
"142","Jouprcgk Fwgjsj","407,72"
"143","Ylda Izgykprdzroak","47,593,208"
"144","Anccl Rvlsbkhoxfoof","734,654,718"
"145","Bvcsprpdr Onnk","223,123,204"
"146","Dzhriw Vz","516,142,289"
"147","Awdkjasiszta Gk","441,154,136"
"148","Losexwjk Oiklsyj","708,162,626,465"
"149","Vmdeyfxdwbz Osncmenspj","394"
"150","Mljllfso Zorwwbcdriuecc","255,481,699"
"151","Tjjzoacd Wphcbtsgn","351"
"152","Apagyfb Wxfqmhjnxqmuuyw","586,712"
"153","Pxwigvne Ktruolhyewrcuh","297,621"
"154","Iqvgt Sskyfrcli","601,348,249"
"155","Vauvczqtz Mpjtileyauz","545,722,112"
"156","Ludfuacvbgto Iuukkhbdbfeakj","105,389,695"
"157","Rjbgi Caiv","130,478,629,355"
"158","Tbm Tssiqqyiikx","391,551,459"
"159","Mvtzrgvqe Cpqypglhfp","522,88,39"
"160","Jjnqfizw Ueuvrhphvrys","744"
"161","Urcnrj Memij","575,318,316,666"
"162","Itg Yxs","106"
"163","Dkqoesps Rowmhmgzliqha","354,31"
"164","Afxmgbyzadv Dashdmpuroto","336,674,747,211"
"165","Htfoxjrbyjn Rnbgybaab","642,251,173"
"166","Qcznkzflasf Ydacl","342,451,12"
"167","Mzrc Dmdofmbsq","81,587,475,296"
"168","Zbe Wujlch","678,73,608,34"
"169","Mfqooetwaadt Rtujluiwzpmeze","15,311,188,372"
"170","Tnxfjqh Ceptmmymjsz","207,225,504"
"171","Nitrdpwnha Mmtafkhuyaeblrv","444,280,426,380"
"172","Uuldootfibf Wqvpnx","166,506,285"
"173","Iwxmyivw Ulnbnidhbqjwhmq","283,570,599"
"174","Xlf Tauuodcijqmo","643,530,373"
"175","Kvtba Ljtrhbxzl","294,413"
"176","Hqwrrincx Yswkxuchkbsua","492,529,191,524"
"177","Yqdhqckvxh Lqxnbmr","2,69,337,75"
"178","Znirriqr Kqnjmygvf","334,245"
"179","Fwp Xl","405,424"
"180","Obaiidr Geqzxv","306,542,330,101"
"181","Kei Bzeywgezvj","480,505,150"
"182","Nqofebymria Jpsplzrcgmanrm","84,155,221,275"
"183","Wvk Ksydajgyevac","497,331,319,287"
"184","Tiqax Yyo","472,675,305,71"
"185","Wklsifk Ehktvqree","299"
"186","Pprdni Frmmos","131"
"187","Sphyrfcbm Xewvktyze","175,577"
"188","Jdsdq Kuerys","446,569"
"189","Vurxeklejhrf Ccaxyoy","164,510,177,521"
"190","Ggojxcun Ljkvvhfgprz","381,604"
"191","Srh Zwzevboxccci","28,271,93,546"
"192","Wnodgq Sku","56,565,48,669"
"193","Glkeoo Bp","98,386,5,535"
"194","Vddbekkhs Bmukqlnikqlf","70,60,652"
"195","Yjrejiikmtuv Rhyxvkdlyaeu","302,397,566"
"196","Ljtmydhhe Zfececvr","538,631"
"197","Qoeoucnggxhr Klhdixh","462"
"198","Pupolchowp Ihccvgkj","450"
"199","Tigelzjrxw Powkhqjc","41"
"200","Dfr Jep","356"
"201","Vbpjr Mhkpbdjpzukjukw","418,379,750"
"202","Txrocfunuqu Ldbkhall","513,168"
"203","Irst Cwxdwvedfxpg","79"
"204","Fearvvvbmpn Otg","291,303,229,739"
"205","Qqhjfqwyja Rjv","402,429,32"
"206","Esryp Bjpej","515,672,61"
"207","Pon Fgkfatdw","432"
"208","Nhgvnvgtuj Pelns","428,658,650,482"
"209","Lyf Zbvjsijjtv","544,668"
"210","Dum Lmznfwnci","476,301,161,53"
"211","Fhbmqkwldvd Svinuojhckwdsr","363,425"
"212","Dfen Hiuusohuipvfk","203,156"
"213","Ktgdcsdmswu Bxbzrnry","550"
"214","Xamokwpyb Sdmkebmln","110,701,612"
"215","Lgyenydrvfwx Hxda","55,332"
"216","Vodipymdm Bwgzpjtm","323"
"217","Piwymkljkji Rtyedoyvhlgfdu","598,252"
"218","Qfrtd Lfcesj","458,317,483"
"219","Okld Cjkbp","62,455,96"
"220","Mkxjbx Bmy","393,630,514"
"221","Uaqqyz Lwbfdfbrczaob","689,57,660,697"
"222","Lqcyex Rumhsxudxd","179,315,90"
"223","Fybu Aobbyhhx","591,369,449,696"
"224","Glqkd Qqy","633"
"225","Eawbsselundo Cnkxghxd","197,690,160,276"
"226","Tdzrjwsnwv Rrf","149,43,352,86"
"227","Jeowdevkakt Ziljljtbxmoj","463,501,748,723"
"228","Awafnlw Baue","720,532,66,216"
"229","Fepfmh Fbdspcsinivkjz","460,371"
"230","Nyhwpaodfy Flmv","638,636,78,374"
"231","Alnpfan Ftdmlrc","383,433"
"232","Txg Zfkkqkrkmjz","552,474"
"233","Kijceiqm Lbktwxnumn","36"
"234","Gndyfgoql Ml","399"
"235","Lvyctkjahh Rsxxsjqr","38,370,614"
"236","Qnirinivklan Rxexatlvm","310"
"237","Bmzpmegzhtyj Txpzetcozsy","281,648,670,453"
"238","Cak Hieo","659,448,445,603"
"239","Yvzsuxnglgpo Jarupis","170"
"240","Byxugyluy Jhfcaeycvdiylkk","632"
"241","Esvzkqicmh Egedzt","430,662,339"
"242","Etjck Iydzdgbk","512"
"243","Xdymsggcdbl Bmlhe","151,580"
"244","Ffr Pmngdjvakki","454,361,523,186"
"245","Ctcgemeecshg Kxosgujooic","495,687"
"246","Vquuasiokvi Ppymcjmmrnip","700,64,400,600"
"247","Cwnghpahdugh Ckocdo","500"
"248","Ffxcozs Bubaosemms","282,479"
"249","Qehxqwhuzr Phhmoqy","576,447"
"250","Skzkyinvzcw Qpqdamked","91,715,440,185"
"251","Hjfopxtljy Uqutgsqk","526,172"
"252","Hkfhvqdbya Azvclzthcwjy","390"
"253","Qrmwnuv Nsbgxerdyi","471"
"254","Ilhjnkznhapz Vimwdjuvislrwq","304"
"255","Ooqfttxx Grs","436,452,560,534"
"256","Wqeiikqojkos Gihhwgkezmeolc","585,703"
"257","Shi Hhnwaqym","273,646"
"258","Pmmiay Suiteqbtllg","153"
"259","Pqh Ausgurfdp","396,58,87,137"
"260","Yikc Iqpshelnwilwq","134"
"261","Gpm Kriwv","250,326"
"262","Gmhzkpwtr Vwapqq","116"
"263","Bln Scmfktqx","466,1"
"264","Hviihhwyfy Jdgbs","295"
"265","Uikywggr Jwqoajxcbzwg","325,7,95,745"
"266","Pqkntk Weqfzpddgf","624"
"267","Uhjz Ge","732,376,705,634"
"268","Guoeuhdxt Cwdsvwdkuln","623"
"269","Bblegryximly Vqosii","237"
"270","Dakzoamzvrt Tt","746,508,417,122"
"271","Wgdhccgestde Arwwhqulmi","248"
"272","Kffba Bfzgudbxbxl","573,224,261,640"
"273","Cje Eaboruqe","415,421,128"
"274","Dvgarrwosehw Cqferafyoxzz","358,707"
"275","Smqnlxshdpay Keaglyeyazip","118,233"
"276","Dcjfc Nrdikvyllwmvjyb","616,628,680,219"
"277","Bnuinvdilaa Vrldgoor","457,647"
"278","Ixbbcovkmxe Juofmivffxlnkvx","163,519,4"
"279","Oec Ztpdvqytseuroeo","714,138,140,490"
"280","Wnvdruxahtm Orhjcwpicnxkw","343,262,726,439"
"281","Nebhuyqrbuj Igjmxrmwlcmiz","11,16,29"
"282","Zedgmlvxu Mgvwgetk","293,77,201"
"283","Efe Kde","581,108,528"
"284","Tlfs Swgtotorovezjrs","231,422"
"285","Xaeagbcq Ueexkoijghrj","735,133"
"286","Txwpv Tc","691"
"287","Sijuauvvajaq Jxevg","559,711,184"
"288","Goxhc Pppfyffnkumvu","270,574,607,230"
"289","Orycdmj Jojiwtcdvy","37,499,46,536"
"290","Fajauylhbruw Evsmaveyzahznh","126"
"291","Cklyxwhs Pplwengeufevd","645,489,30,288"
"292","Npls Ru","360,147,610"
"293","Qygpxk Qahzlneri","59"
"294","Dha Nboebesbwhyi","13"
"295","Wqbtypznk Xqzhjcjmhgh","365,382"
"296","Pohrs Tttocdn","176,730"
"297","Bkdizrzgc Axenpchloty","637,27"
"298","Bcdzpfcl Gqcbklrooywmj","277,468,493"
"299","Sojsbkarn Zxdk","181,266"